customer_id,customer_name,city,city_tier,signup_date,gender,age
1,Pari Iyer,Hyderabad,Tier 1,2024-01-26,Male,24
2,Aditya Sharma,Vadodara,Tier 2,2024-03-30,Male,31
3,Nisha Reddy,Pune,Tier 1,2025-06-01,Female,32
4,Aarav Patel,Bhopal,Tier 2,2025-08-26,Female,39
5,Amit Kumar,Jaipur,Tier 2,2024-06-08,Male,42
6,Anika Verma,Hyderabad,Tier 1,2025-01-02,Female,52
7,Riya Das,Hyderabad,Tier 1,2025-01-22,Female,54
8,Myra Rao,Kolkata,Tier 1,2025-12-22,Male,32
9,Ramesh Patel,Hyderabad,Tier 1,2025-01-24,Female,40
10,Arjun Das,Kolkata,Tier 1,2025-11-17,Male,52
11,Navya Bansal,Pune,Tier 1,2024-06-16,Male,38
12,Rahul Chauhan,Delhi,Tier 1,2024-08-22,Female,22
13,Aadhya Kapoor,Kolkata,Tier 1,2025-08-03,Female,47
14,Nisha Bansal,Ahmedabad,Tier 2,2024-09-28,Female,55
15,Myra Singh,Indore,Tier 2,2025-08-20,Female,23
16,Ananya Joshi,Delhi,Tier 1,2026-05-31,Male,42
17,Anika Bansal,Nagpur,Tier 2,2025-09-02,Male,25
18,Amit Kumar,Vadodara,Tier 2,2026-02-07,Female,45
19,Anika Agarwal,Chennai,Tier 1,2025-04-09,Male,50
20,Deepak Das,Hyderabad,Tier 1,2025-10-02,Male,27
21,Suraj Sharma,Kanpur,Tier 2,2026-02-19,Female,49
22,Priya Iyer,Mumbai,Tier 1,2024-04-24,Male,33
23,Manish Gupta,Coimbatore,Tier 2,2024-03-21,Male,26
24,Suraj Das,Patna,Tier 3,2025-07-16,Female,31
25,Saanvi Rao,Vadodara,Tier 2,2026-02-12,Female,41
26,Pari Iyer,Bhopal,Tier 2,2025-06-13,Male,39
27,Meera Iyer,Mumbai,Tier 1,2025-08-25,Male,22
28,Aditya Mishra,Delhi,Tier 1,2024-08-22,Male,50
29,Aadhya Bansal,Pune,Tier 1,2024-10-12,Male,54
30,Karan Joshi,Coimbatore,Tier 2,2025-04-29,Male,24
31,Kavya Joshi,Hyderabad,Tier 1,2025-11-05,Female,21
32,Amit Kumar,Hyderabad,Tier 1,2024-03-03,Male,30
33,Kavya Patel,Kolkata,Tier 1,2025-07-03,Female,47
34,Nisha Kumar,Pune,Tier 1,2024-03-18,Male,52
35,Pooja Kapoor,Mumbai,Tier 1,2024-04-05,Female,31
36,Aarav Chauhan,Nagpur,Tier 2,2024-03-01,Female,47
37,Nisha Kapoor,Surat,Tier 2,2025-03-09,Male,30
38,Ankit Verma,Surat,Tier 2,2024-08-10,Female,21
39,Suraj Patel,Delhi,Tier 1,2025-08-21,Male,50
40,Tanvi Gupta,Bengaluru,Tier 1,2026-05-21,Male,43
41,Tanvi Verma,Hyderabad,Tier 1,2025-08-06,Male,44
42,Anika Reddy,Coimbatore,Tier 2,2025-08-01,Female,33
43,Priya Malhotra,Jaipur,Tier 2,2025-02-09,Female,22
44,Reyansh Gupta,Mumbai,Tier 1,2025-04-14,Male,50
45,Arjun Iyer,Jaipur,Tier 2,2024-05-15,Female,36
46,Priya Das,Chennai,Tier 1,2025-03-24,Male,53
47,Ishaan Nair,Surat,Tier 2,2025-11-10,Male,24
48,Tanvi Reddy,Vadodara,Tier 2,2024-06-08,Female,31
49,Vihaan Gupta,Jaipur,Tier 2,2025-06-01,Female,35
50,Ishaan Nair,Delhi,Tier 1,2024-01-04,Male,46
51,Aarav Kumar,Vadodara,Tier 2,2025-12-23,Male,27
52,Nisha Singh,Vadodara,Tier 2,2024-02-06,Female,26
53,Aditya Yadav,Delhi,Tier 1,2024-11-11,Male,33
54,Pooja Das,Hyderabad,Tier 1,2024-12-28,Male,33
55,Pooja Sharma,Chennai,Tier 1,2026-03-30,Male,39
56,Pari Nair,Indore,Tier 2,2026-04-01,Male,24
57,Saanvi Malhotra,Nagpur,Tier 2,2024-02-09,Female,37
58,Saanvi Chauhan,Pune,Tier 1,2024-08-16,Female,35
59,Deepak Chauhan,Bengaluru,Tier 1,2026-03-02,Female,19
60,Anika Verma,Hyderabad,Tier 1,2024-09-24,Male,45
61,Tanvi Agarwal,Kanpur,Tier 2,2026-01-16,Male,42
62,Kavya Sharma,Coimbatore,Tier 2,2024-07-13,Male,41
63,Amit Das,Indore,Tier 2,2024-03-12,Female,25
64,Pooja Mishra,Surat,Tier 2,2025-06-03,Female,36
65,Vikas Patel,Vadodara,Tier 2,2024-05-10,Female,43
66,Riya Reddy,Vadodara,Tier 2,2026-05-03,Female,55
67,Isha Malhotra,Guwahati,Tier 3,2025-11-01,Male,50
68,Sai Rao,Patna,Tier 3,2026-03-23,Female,23
69,Saanvi Singh,Pune,Tier 1,2025-11-19,Male,20
70,Arjun Malhotra,Pune,Tier 1,2025-05-01,Female,54
71,Manish Chauhan,Kolkata,Tier 1,2026-01-05,Male,27
72,Kavya Iyer,Mumbai,Tier 1,2026-02-07,Male,51
73,Krishna Malhotra,Bhopal,Tier 2,2024-02-21,Male,47
74,Isha Das,Ghaziabad,Tier 3,2025-07-26,Female,53
75,Karan Malhotra,Bhopal,Tier 2,2024-06-11,Female,33
76,Pari Nair,Jaipur,Tier 2,2026-02-23,Female,22
77,Rahul Bansal,Surat,Tier 2,2024-08-28,Male,26
78,Rohan Reddy,Ahmedabad,Tier 2,2024-08-24,Male,44
79,Pooja Verma,Indore,Tier 2,2024-12-04,Male,44
80,Vivaan Chatterjee,Nagpur,Tier 2,2026-02-27,Female,48
81,Vikas Joshi,Mumbai,Tier 1,2024-12-26,Male,49
82,Vivaan Chauhan,Pune,Tier 1,2024-10-06,Female,43
83,Ishaan Das,Chennai,Tier 1,2026-05-10,Male,43
84,Sai Joshi,Coimbatore,Tier 2,2025-07-31,Male,47
85,Rahul Reddy,Chennai,Tier 1,2024-02-21,Female,38
86,Pooja Nair,Lucknow,Tier 2,2026-02-18,Male,48
87,Suresh Iyer,Mumbai,Tier 1,2026-02-06,Male,20
88,Vivaan Das,Mumbai,Tier 1,2024-09-10,Male,33
89,Swati Reddy,Ahmedabad,Tier 2,2025-04-29,Female,34
90,Krishna Patel,Kanpur,Tier 2,2024-06-20,Female,24
91,Vikas Chauhan,Coimbatore,Tier 2,2024-01-27,Male,22
92,Reyansh Rao,Coimbatore,Tier 2,2025-12-08,Male,54
93,Ramesh Gupta,Delhi,Tier 1,2024-12-21,Female,18
94,Kavya Yadav,Indore,Tier 2,2026-04-22,Female,27
95,Navya Das,Indore,Tier 2,2024-06-29,Female,47
96,Navya Mishra,Indore,Tier 2,2026-04-25,Male,23
97,Sneha Chatterjee,Jaipur,Tier 2,2025-04-06,Female,39
98,Manish Reddy,Mumbai,Tier 1,2025-05-21,Female,34
99,Navya Bansal,Lucknow,Tier 2,2024-10-13,Male,51
100,Pooja Kapoor,Kolkata,Tier 1,2024-03-28,Male,48
101,Riya Iyer,Patna,Tier 3,2025-04-03,Female,33
102,Karan Bansal,Surat,Tier 2,2025-11-10,Female,45
103,Sneha Nair,Vadodara,Tier 2,2024-12-04,Female,34
104,Rahul Kumar,Pune,Tier 1,2024-05-03,Male,30
105,Meera Agarwal,Kolkata,Tier 1,2026-01-26,Female,24
106,Diya Rao,Kolkata,Tier 1,2024-10-30,Male,52
107,Nisha Rao,Ahmedabad,Tier 2,2024-10-07,Male,49
108,Karan Kapoor,Hyderabad,Tier 1,2024-01-13,Female,39
109,Karan Kumar,Chennai,Tier 1,2024-02-22,Male,43
110,Vihaan Singh,Patna,Tier 3,2024-03-16,Male,54
111,Nisha Joshi,Surat,Tier 2,2024-03-28,Male,51
112,Meera Joshi,Nagpur,Tier 2,2025-04-06,Female,54
113,Reyansh Reddy,Guwahati,Tier 3,2024-03-02,Male,34
114,Nisha Gupta,Bengaluru,Tier 1,2024-06-09,Male,18
115,Karan Rao,Indore,Tier 2,2025-04-06,Male,32
116,Sneha Gupta,Surat,Tier 2,2025-12-24,Male,34
117,Krishna Bansal,Coimbatore,Tier 2,2025-11-08,Male,27
118,Vihaan Patel,Jaipur,Tier 2,2026-04-26,Female,54
119,Priya Chauhan,Surat,Tier 2,2025-03-25,Female,50
120,Tanvi Verma,Vadodara,Tier 2,2025-05-20,Female,38
121,Myra Chatterjee,Guwahati,Tier 3,2024-09-13,Male,35
122,Suraj Malhotra,Coimbatore,Tier 2,2024-02-11,Female,29
123,Manish Gupta,Coimbatore,Tier 2,2025-03-22,Female,40
124,Reyansh Patel,Indore,Tier 2,2024-12-07,Female,44
125,Nisha Verma,Patna,Tier 3,2024-10-22,Female,23
126,Neha Agarwal,Lucknow,Tier 2,2024-09-15,Male,52
127,Suraj Yadav,Bhopal,Tier 2,2025-02-27,Female,46
128,Ishaan Rao,Delhi,Tier 1,2024-07-27,Female,49
129,Pari Patel,Hyderabad,Tier 1,2024-01-30,Female,53
130,Myra Kumar,Mumbai,Tier 1,2025-07-19,Female,25
131,Deepak Nair,Ahmedabad,Tier 2,2025-05-25,Female,48
132,Rohan Chauhan,Patna,Tier 3,2024-09-06,Male,50
133,Pooja Mishra,Ahmedabad,Tier 2,2024-03-12,Female,18
134,Meera Chatterjee,Surat,Tier 2,2026-01-13,Female,27
135,Amit Bansal,Bhopal,Tier 2,2025-07-05,Female,47
136,Swati Chauhan,Lucknow,Tier 2,2024-07-12,Male,44
137,Vikas Chauhan,Delhi,Tier 1,2024-11-21,Male,49
138,Amit Kumar,Delhi,Tier 1,2024-05-09,Female,24
139,Rohan Joshi,Ghaziabad,Tier 3,2025-04-12,Male,22
140,Yash Chauhan,Patna,Tier 3,2026-03-11,Male,39
141,Manish Bansal,Vadodara,Tier 2,2025-01-24,Male,22
142,Riya Iyer,Pune,Tier 1,2025-10-08,Male,45
143,Reyansh Malhotra,Hyderabad,Tier 1,2026-02-17,Male,37
144,Vihaan Rao,Mumbai,Tier 1,2024-02-17,Female,41
145,Pooja Chatterjee,Indore,Tier 2,2024-05-29,Male,28
146,Vikas Das,Chennai,Tier 1,2024-03-21,Male,49
147,Anika Malhotra,Coimbatore,Tier 2,2024-05-26,Female,18
148,Ananya Gupta,Bhopal,Tier 2,2024-10-21,Female,40
149,Anika Malhotra,Coimbatore,Tier 2,2024-11-02,Female,30
150,Pari Chauhan,Nagpur,Tier 2,2026-05-23,Female,54
151,Neha Nair,Surat,Tier 2,2025-12-17,Male,54
152,Riya Iyer,Delhi,Tier 1,2025-09-12,Female,32
153,Ishaan Kumar,Kolkata,Tier 1,2025-09-27,Male,37
154,Ishaan Gupta,Bhopal,Tier 2,2024-02-04,Female,38
155,Ankit Yadav,Indore,Tier 2,2024-06-28,Female,28
156,Riya Mishra,Jaipur,Tier 2,2026-04-24,Male,47
157,Neha Bansal,Bengaluru,Tier 1,2024-05-24,Female,23
158,Krishna Malhotra,Nagpur,Tier 2,2024-01-15,Female,34
159,Reyansh Iyer,Coimbatore,Tier 2,2025-01-25,Female,19
160,Yash Iyer,Guwahati,Tier 3,2025-07-28,Male,47
161,Ishaan Verma,Surat,Tier 2,2025-10-26,Male,37
162,Ankit Singh,Patna,Tier 3,2024-04-28,Female,47
163,Ankit Joshi,Kanpur,Tier 2,2025-11-17,Male,44
164,Pooja Nair,Hyderabad,Tier 1,2026-05-03,Male,41
165,Ramesh Kumar,Kolkata,Tier 1,2025-03-30,Female,52
166,Saanvi Kumar,Kanpur,Tier 2,2024-03-03,Female,23
167,Vivaan Verma,Kolkata,Tier 1,2025-10-19,Female,33
168,Arjun Bansal,Ahmedabad,Tier 2,2026-03-16,Male,55
169,Rohan Das,Kolkata,Tier 1,2026-04-12,Male,35
170,Diya Kumar,Ahmedabad,Tier 2,2024-05-13,Male,26
171,Rahul Sharma,Mumbai,Tier 1,2025-01-01,Male,34
172,Suraj Kumar,Delhi,Tier 1,2024-05-09,Male,48
173,Meera Kumar,Bhopal,Tier 2,2026-03-07,Female,50
174,Suraj Rao,Pune,Tier 1,2025-09-21,Female,19
175,Reyansh Kapoor,Delhi,Tier 1,2025-05-05,Female,22
176,Arjun Singh,Bengaluru,Tier 1,2024-11-25,Female,55
177,Tanvi Agarwal,Vadodara,Tier 2,2025-12-30,Female,47
178,Krishna Bansal,Ghaziabad,Tier 3,2025-09-11,Male,45
179,Sneha Chauhan,Bhopal,Tier 2,2024-08-21,Female,24
180,Anika Yadav,Lucknow,Tier 2,2025-03-13,Male,48
181,Kavya Kumar,Bengaluru,Tier 1,2024-04-03,Female,26
182,Nisha Mishra,Vadodara,Tier 2,2024-03-02,Male,44
183,Vihaan Rao,Kanpur,Tier 2,2025-11-12,Female,40
184,Rohan Kapoor,Hyderabad,Tier 1,2025-08-14,Male,24
185,Krishna Nair,Kanpur,Tier 2,2026-05-15,Male,45
186,Nisha Sharma,Vadodara,Tier 2,2026-02-24,Female,19
187,Priya Mishra,Chennai,Tier 1,2024-10-06,Female,18
188,Neha Gupta,Chennai,Tier 1,2024-05-26,Male,19
189,Vikas Joshi,Bengaluru,Tier 1,2026-02-03,Female,39
190,Rahul Chatterjee,Chennai,Tier 1,2025-01-13,Male,21
191,Sai Nair,Ahmedabad,Tier 2,2024-06-10,Female,45
192,Navya Reddy,Patna,Tier 3,2025-09-13,Male,40
193,Meera Kapoor,Indore,Tier 2,2024-04-23,Female,20
194,Aarav Reddy,Pune,Tier 1,2025-02-08,Female,31
195,Rahul Kumar,Ahmedabad,Tier 2,2026-02-21,Male,49
196,Ankit Iyer,Indore,Tier 2,2024-06-28,Female,22
197,Vivaan Malhotra,Nagpur,Tier 2,2026-01-29,Male,38
198,Pooja Rao,Coimbatore,Tier 2,2025-03-15,Male,43
199,Yash Malhotra,Mumbai,Tier 1,2024-11-28,Female,23
200,Kavya Chatterjee,Indore,Tier 2,2026-05-14,Female,51
201,Amit Iyer,Bengaluru,Tier 1,2025-02-09,Female,28
202,Suraj Agarwal,Bengaluru,Tier 1,2025-06-06,Male,40
203,Rohan Iyer,Kanpur,Tier 2,2026-01-14,Male,27
204,Rohan Gupta,Jaipur,Tier 2,2024-07-21,Male,49
205,Meera Malhotra,Bhopal,Tier 2,2026-02-11,Female,38
206,Isha Rao,Ahmedabad,Tier 2,2025-03-26,Female,55
207,Priya Malhotra,Delhi,Tier 1,2024-12-26,Female,20
208,Sai Das,Delhi,Tier 1,2025-01-12,Female,47
209,Aditya Malhotra,Coimbatore,Tier 2,2025-07-21,Male,38
210,Vihaan Malhotra,Guwahati,Tier 3,2025-05-02,Male,39
211,Aditya Iyer,Bengaluru,Tier 1,2025-05-31,Female,46
212,Ramesh Yadav,Ghaziabad,Tier 3,2025-06-19,Female,42
213,Tanvi Verma,Indore,Tier 2,2026-03-04,Female,22
214,Vikas Rao,Lucknow,Tier 2,2024-04-06,Female,27
215,Rohan Yadav,Lucknow,Tier 2,2024-03-24,Female,43
216,Priya Bansal,Ahmedabad,Tier 2,2025-09-01,Female,39
217,Suraj Gupta,Ahmedabad,Tier 2,2025-11-17,Female,50
218,Diya Reddy,Kanpur,Tier 2,2024-01-19,Female,49
219,Arjun Rao,Kolkata,Tier 1,2024-08-19,Male,50
220,Suraj Verma,Vadodara,Tier 2,2026-05-05,Female,26
221,Diya Das,Guwahati,Tier 3,2025-01-20,Male,46
222,Pari Malhotra,Delhi,Tier 1,2025-02-24,Female,46
223,Karan Reddy,Pune,Tier 1,2025-06-30,Female,54
224,Vikas Agarwal,Bhopal,Tier 2,2025-04-17,Female,28
225,Anika Verma,Kolkata,Tier 1,2026-03-31,Female,41
226,Suraj Kumar,Vadodara,Tier 2,2024-04-15,Female,23
227,Deepak Singh,Chennai,Tier 1,2024-10-06,Female,23
228,Suresh Sharma,Pune,Tier 1,2026-04-16,Female,21
229,Vikas Gupta,Nagpur,Tier 2,2025-05-29,Female,32
230,Amit Singh,Mumbai,Tier 1,2024-11-22,Male,20
231,Ishaan Kapoor,Surat,Tier 2,2026-04-29,Female,18
232,Rohan Bansal,Bengaluru,Tier 1,2024-01-20,Female,25
233,Vihaan Iyer,Surat,Tier 2,2024-08-31,Female,47
234,Ankit Sharma,Bengaluru,Tier 1,2024-04-23,Male,27
235,Suresh Iyer,Surat,Tier 2,2025-03-15,Female,29
236,Suraj Bansal,Bengaluru,Tier 1,2025-06-20,Male,42
237,Ramesh Nair,Patna,Tier 3,2024-02-14,Male,40
238,Reyansh Chatterjee,Bengaluru,Tier 1,2024-12-19,Female,26
239,Diya Malhotra,Delhi,Tier 1,2024-12-26,Female,29
240,Sneha Verma,Ahmedabad,Tier 2,2024-03-05,Female,30
241,Aditya Mishra,Delhi,Tier 1,2026-03-21,Female,50
242,Anika Verma,Nagpur,Tier 2,2026-04-14,Male,36
243,Amit Nair,Kanpur,Tier 2,2026-03-10,Male,41
244,Vikas Mishra,Indore,Tier 2,2025-02-13,Male,49
245,Sai Joshi,Patna,Tier 3,2025-01-11,Male,45
246,Riya Mishra,Guwahati,Tier 3,2026-04-22,Male,23
247,Isha Das,Lucknow,Tier 2,2025-11-07,Female,28
248,Suresh Das,Bhopal,Tier 2,2024-12-25,Female,35
249,Neha Yadav,Delhi,Tier 1,2024-03-17,Male,19
250,Isha Verma,Ahmedabad,Tier 2,2026-05-19,Male,22
251,Ramesh Chauhan,Pune,Tier 1,2026-03-08,Male,27
252,Arjun Chatterjee,Bhopal,Tier 2,2025-01-14,Male,51
253,Navya Iyer,Kanpur,Tier 2,2025-02-11,Male,19
254,Nisha Kumar,Chennai,Tier 1,2025-05-26,Female,34
255,Manish Reddy,Bhopal,Tier 2,2024-08-07,Male,26
256,Isha Gupta,Bengaluru,Tier 1,2025-04-07,Female,40
257,Priya Patel,Bengaluru,Tier 1,2025-07-17,Male,41
258,Ishaan Iyer,Ghaziabad,Tier 3,2024-08-17,Female,19
259,Sneha Bansal,Kanpur,Tier 2,2025-07-21,Male,23
260,Karan Agarwal,Bengaluru,Tier 1,2024-11-12,Female,44
261,Arjun Malhotra,Coimbatore,Tier 2,2024-03-16,Female,51
262,Meera Patel,Kanpur,Tier 2,2024-05-11,Male,45
263,Rohan Rao,Ghaziabad,Tier 3,2024-02-26,Male,28
264,Suraj Rao,Lucknow,Tier 2,2025-12-27,Male,34
265,Ishaan Rao,Kolkata,Tier 1,2025-10-12,Male,50
266,Ananya Das,Chennai,Tier 1,2025-08-29,Female,54
267,Aditya Chatterjee,Delhi,Tier 1,2026-04-25,Female,31
268,Vivaan Kapoor,Coimbatore,Tier 2,2025-03-02,Female,37
269,Priya Malhotra,Patna,Tier 3,2024-09-07,Male,21
270,Sneha Reddy,Chennai,Tier 1,2025-03-26,Female,27
271,Suresh Chauhan,Lucknow,Tier 2,2026-01-05,Male,41
272,Pari Malhotra,Ghaziabad,Tier 3,2025-07-29,Male,35
273,Vihaan Rao,Bhopal,Tier 2,2024-09-10,Female,44
274,Swati Mishra,Pune,Tier 1,2024-06-12,Male,28
275,Priya Kapoor,Patna,Tier 3,2025-06-11,Male,23
276,Aadhya Chatterjee,Nagpur,Tier 2,2025-06-01,Female,21
277,Karan Rao,Delhi,Tier 1,2024-10-15,Male,24
278,Ramesh Chauhan,Indore,Tier 2,2024-05-17,Female,20
279,Saanvi Yadav,Nagpur,Tier 2,2024-02-22,Female,22
280,Nisha Nair,Nagpur,Tier 2,2025-05-31,Male,26
281,Amit Bansal,Hyderabad,Tier 1,2025-02-07,Female,27
282,Deepak Verma,Kolkata,Tier 1,2025-09-08,Male,20
283,Karan Agarwal,Ahmedabad,Tier 2,2025-12-31,Female,27
284,Yash Mishra,Guwahati,Tier 3,2025-06-11,Male,43
285,Amit Agarwal,Guwahati,Tier 3,2026-01-27,Female,54
286,Amit Kumar,Surat,Tier 2,2025-05-01,Female,55
287,Vivaan Das,Surat,Tier 2,2026-03-26,Female,34
288,Vihaan Chatterjee,Coimbatore,Tier 2,2025-08-14,Female,28
289,Vikas Singh,Ghaziabad,Tier 3,2025-10-06,Male,20
290,Vivaan Malhotra,Coimbatore,Tier 2,2025-12-18,Female,44
291,Pooja Agarwal,Ahmedabad,Tier 2,2025-02-26,Female,21
292,Rahul Kapoor,Ahmedabad,Tier 2,2025-06-15,Female,38
293,Ankit Yadav,Chennai,Tier 1,2025-04-15,Female,48
294,Priya Iyer,Kolkata,Tier 1,2024-09-09,Female,36
295,Rahul Kapoor,Kolkata,Tier 1,2025-12-07,Female,53
296,Ankit Chauhan,Jaipur,Tier 2,2024-10-21,Female,40
297,Sai Yadav,Ahmedabad,Tier 2,2024-10-24,Female,34
298,Ankit Nair,Patna,Tier 3,2024-08-07,Female,26
299,Pari Iyer,Hyderabad,Tier 1,2025-09-22,Male,51
300,Reyansh Joshi,Pune,Tier 1,2025-10-15,Female,48
301,Nisha Patel,Hyderabad,Tier 1,2025-11-28,Female,48
302,Riya Mishra,Patna,Tier 3,2025-10-28,Female,21
303,Ankit Verma,Bengaluru,Tier 1,2025-10-29,Male,44
304,Manish Patel,Chennai,Tier 1,2024-02-07,Female,20
305,Reyansh Mishra,Mumbai,Tier 1,2024-11-01,Female,47
306,Ishaan Agarwal,Vadodara,Tier 2,2025-06-20,Female,35
307,Ananya Malhotra,Kolkata,Tier 1,2026-04-08,Female,29
308,Riya Chatterjee,Mumbai,Tier 1,2026-01-24,Male,29
309,Neha Joshi,Guwahati,Tier 3,2026-05-26,Female,23
310,Ishaan Kapoor,Nagpur,Tier 2,2025-11-16,Female,33
311,Isha Nair,Mumbai,Tier 1,2024-09-24,Female,37
312,Anika Yadav,Coimbatore,Tier 2,2026-01-10,Male,21
313,Neha Agarwal,Hyderabad,Tier 1,2025-04-21,Female,25
314,Myra Singh,Surat,Tier 2,2025-01-11,Female,27
315,Pooja Bansal,Bhopal,Tier 2,2026-02-04,Female,52
316,Tanvi Gupta,Kolkata,Tier 1,2026-02-19,Female,51
317,Vihaan Bansal,Kanpur,Tier 2,2024-03-20,Male,54
318,Suraj Malhotra,Vadodara,Tier 2,2024-06-02,Male,31
319,Deepak Malhotra,Coimbatore,Tier 2,2025-05-15,Male,47
320,Swati Verma,Ahmedabad,Tier 2,2025-06-09,Female,37
321,Aarav Reddy,Mumbai,Tier 1,2025-02-09,Male,20
322,Ankit Verma,Indore,Tier 2,2024-12-18,Male,48
323,Ishaan Joshi,Delhi,Tier 1,2024-10-20,Female,42
324,Ankit Singh,Bhopal,Tier 2,2025-01-21,Female,25
325,Ishaan Iyer,Chennai,Tier 1,2025-07-04,Male,19
326,Ankit Joshi,Surat,Tier 2,2025-04-19,Female,32
327,Navya Reddy,Pune,Tier 1,2025-04-16,Male,20
328,Aadhya Gupta,Indore,Tier 2,2025-09-21,Male,20
329,Vihaan Iyer,Bhopal,Tier 2,2025-09-04,Male,43
330,Vihaan Singh,Bhopal,Tier 2,2024-08-27,Female,32
331,Rahul Iyer,Coimbatore,Tier 2,2024-11-22,Female,27
332,Navya Verma,Ghaziabad,Tier 3,2024-08-14,Male,45
333,Vikas Agarwal,Vadodara,Tier 2,2025-05-22,Female,44
334,Diya Bansal,Indore,Tier 2,2024-06-01,Female,33
335,Sneha Verma,Pune,Tier 1,2024-11-03,Female,44
336,Pari Nair,Vadodara,Tier 2,2025-06-26,Male,39
337,Ankit Reddy,Bengaluru,Tier 1,2025-04-05,Male,35
338,Aditya Gupta,Nagpur,Tier 2,2025-11-20,Male,55
339,Amit Rao,Vadodara,Tier 2,2024-08-10,Male,31
340,Karan Iyer,Kolkata,Tier 1,2026-01-29,Male,43
341,Riya Chauhan,Pune,Tier 1,2025-07-19,Female,52
342,Deepak Kapoor,Kanpur,Tier 2,2024-11-11,Female,24
343,Aadhya Yadav,Patna,Tier 3,2026-02-18,Female,44
344,Rohan Sharma,Delhi,Tier 1,2025-07-30,Female,53
345,Riya Singh,Coimbatore,Tier 2,2025-08-16,Male,39
346,Pari Kapoor,Pune,Tier 1,2025-01-23,Female,34
347,Manish Malhotra,Patna,Tier 3,2026-01-10,Male,40
348,Manish Patel,Chennai,Tier 1,2024-05-23,Male,51
349,Vihaan Sharma,Delhi,Tier 1,2026-05-09,Female,26
350,Aarav Reddy,Pune,Tier 1,2024-03-10,Female,41
351,Yash Kapoor,Delhi,Tier 1,2025-09-24,Female,19
352,Aarav Sharma,Mumbai,Tier 1,2025-06-28,Female,52
353,Kavya Patel,Surat,Tier 2,2024-01-18,Male,24
354,Yash Agarwal,Ghaziabad,Tier 3,2024-06-01,Female,40
355,Ramesh Chauhan,Jaipur,Tier 2,2026-03-25,Female,54
356,Sai Verma,Pune,Tier 1,2025-12-14,Male,43
357,Vihaan Sharma,Nagpur,Tier 2,2025-01-21,Male,23
358,Amit Chatterjee,Patna,Tier 3,2026-05-15,Male,51
359,Swati Kapoor,Delhi,Tier 1,2024-08-23,Female,20
360,Ankit Chatterjee,Bengaluru,Tier 1,2025-12-01,Male,29
361,Rohan Chauhan,Lucknow,Tier 2,2024-01-17,Male,37
362,Vikas Bansal,Chennai,Tier 1,2025-07-31,Female,42
363,Sai Agarwal,Ahmedabad,Tier 2,2026-03-20,Female,21
364,Arjun Mishra,Hyderabad,Tier 1,2025-03-23,Female,38
365,Isha Kapoor,Mumbai,Tier 1,2025-10-11,Male,40
366,Meera Chauhan,Vadodara,Tier 2,2025-01-19,Male,36
367,Navya Singh,Pune,Tier 1,2025-12-31,Female,27
368,Sai Sharma,Nagpur,Tier 2,2024-11-20,Female,46
369,Ishaan Gupta,Kanpur,Tier 2,2026-02-18,Male,45
370,Pooja Kumar,Bhopal,Tier 2,2025-07-24,Male,23
371,Tanvi Mishra,Kanpur,Tier 2,2025-07-21,Female,18
372,Sai Bansal,Surat,Tier 2,2025-02-27,Male,54
373,Ananya Singh,Ghaziabad,Tier 3,2024-06-22,Female,37
374,Ananya Joshi,Jaipur,Tier 2,2025-05-19,Female,44
375,Anika Iyer,Surat,Tier 2,2025-05-10,Female,30
376,Aarav Chauhan,Bhopal,Tier 2,2024-04-19,Female,42
377,Tanvi Singh,Lucknow,Tier 2,2025-03-26,Female,38
378,Rahul Patel,Guwahati,Tier 3,2025-12-12,Female,38
379,Manish Chatterjee,Surat,Tier 2,2026-01-22,Male,38
380,Krishna Chatterjee,Nagpur,Tier 2,2024-10-14,Male,55
381,Nisha Sharma,Vadodara,Tier 2,2024-07-03,Female,31
382,Arjun Joshi,Bhopal,Tier 2,2026-03-27,Female,26
383,Rohan Joshi,Surat,Tier 2,2024-09-04,Female,22
384,Neha Bansal,Bhopal,Tier 2,2025-09-04,Female,52
385,Ankit Das,Delhi,Tier 1,2026-03-20,Male,24
386,Ananya Das,Pune,Tier 1,2025-11-04,Male,54
387,Kavya Kumar,Nagpur,Tier 2,2026-02-09,Male,24
388,Suraj Bansal,Jaipur,Tier 2,2024-08-15,Male,46
389,Meera Agarwal,Kanpur,Tier 2,2025-02-04,Male,40
390,Pooja Gupta,Mumbai,Tier 1,2025-05-09,Male,27
391,Aadhya Agarwal,Kanpur,Tier 2,2024-11-15,Female,40
392,Isha Mishra,Patna,Tier 3,2024-04-09,Male,37
393,Vivaan Mishra,Delhi,Tier 1,2026-04-09,Male,28
394,Ananya Mishra,Pune,Tier 1,2025-06-12,Female,47
395,Diya Patel,Pune,Tier 1,2026-03-27,Female,43
396,Saanvi Malhotra,Mumbai,Tier 1,2026-01-25,Female,42
397,Navya Gupta,Mumbai,Tier 1,2025-12-22,Male,52
398,Sneha Kumar,Chennai,Tier 1,2025-01-09,Female,49
399,Vikas Das,Ghaziabad,Tier 3,2025-10-16,Female,55
400,Sneha Das,Hyderabad,Tier 1,2024-12-22,Male,37
401,Ishaan Mishra,Guwahati,Tier 3,2025-08-27,Male,33
402,Rohan Agarwal,Surat,Tier 2,2024-04-29,Female,44
403,Kavya Patel,Guwahati,Tier 3,2024-05-21,Female,52
404,Riya Singh,Chennai,Tier 1,2025-07-22,Male,38
405,Suresh Sharma,Bhopal,Tier 2,2025-09-26,Female,26
406,Deepak Kapoor,Kolkata,Tier 1,2026-04-14,Female,49
407,Ananya Gupta,Indore,Tier 2,2025-12-28,Male,32
408,Ankit Rao,Surat,Tier 2,2024-02-03,Male,47
409,Deepak Kumar,Coimbatore,Tier 2,2026-01-30,Male,35
410,Aditya Malhotra,Vadodara,Tier 2,2026-04-23,Male,45
411,Pari Rao,Hyderabad,Tier 1,2026-01-23,Male,46
412,Krishna Iyer,Jaipur,Tier 2,2024-12-22,Male,55
413,Kavya Patel,Kanpur,Tier 2,2026-05-31,Male,31
414,Suresh Bansal,Kolkata,Tier 1,2026-04-04,Female,52
415,Riya Chatterjee,Chennai,Tier 1,2024-11-27,Female,50
416,Vihaan Nair,Hyderabad,Tier 1,2024-05-18,Male,26
417,Pari Chauhan,Pune,Tier 1,2024-05-29,Female,27
418,Pooja Chauhan,Coimbatore,Tier 2,2025-10-09,Female,22
419,Navya Yadav,Bengaluru,Tier 1,2025-02-16,Female,49
420,Sai Malhotra,Lucknow,Tier 2,2025-08-18,Female,22
421,Aadhya Kapoor,Vadodara,Tier 2,2025-02-11,Female,38
422,Ishaan Chatterjee,Surat,Tier 2,2024-12-11,Female,39
423,Sneha Sharma,Delhi,Tier 1,2024-02-17,Male,28
424,Saanvi Singh,Bhopal,Tier 2,2025-04-12,Female,28
425,Anika Gupta,Jaipur,Tier 2,2024-04-05,Female,28
426,Myra Joshi,Delhi,Tier 1,2025-02-09,Male,24
427,Ishaan Chatterjee,Mumbai,Tier 1,2024-08-06,Male,51
428,Amit Kumar,Bhopal,Tier 2,2024-01-10,Female,26
429,Sai Kumar,Patna,Tier 3,2024-03-13,Male,38
430,Ishaan Singh,Kanpur,Tier 2,2024-11-02,Male,51
431,Ananya Malhotra,Coimbatore,Tier 2,2024-01-09,Female,31
432,Isha Reddy,Ahmedabad,Tier 2,2025-02-25,Male,24
433,Vikas Yadav,Ahmedabad,Tier 2,2026-02-09,Female,38
434,Sai Iyer,Ahmedabad,Tier 2,2024-09-10,Female,19
435,Deepak Reddy,Surat,Tier 2,2024-07-29,Female,36
436,Vikas Kumar,Delhi,Tier 1,2026-03-13,Male,49
437,Aarav Yadav,Guwahati,Tier 3,2024-03-13,Female,26
438,Ramesh Bansal,Nagpur,Tier 2,2026-05-31,Male,48
439,Aarav Nair,Bengaluru,Tier 1,2024-01-18,Male,20
440,Riya Agarwal,Delhi,Tier 1,2026-03-19,Female,45
441,Ankit Das,Nagpur,Tier 2,2024-03-25,Male,35
442,Aadhya Singh,Bengaluru,Tier 1,2024-11-13,Female,43
443,Arjun Rao,Coimbatore,Tier 2,2025-10-11,Female,33
444,Kavya Kumar,Delhi,Tier 1,2024-09-07,Female,21
445,Diya Kumar,Surat,Tier 2,2025-11-13,Male,26
446,Suraj Agarwal,Mumbai,Tier 1,2024-06-16,Female,28
447,Navya Kumar,Kanpur,Tier 2,2024-05-09,Male,39
448,Anika Chatterjee,Indore,Tier 2,2024-10-05,Male,49
449,Manish Chatterjee,Bhopal,Tier 2,2025-06-07,Male,41
450,Swati Kumar,Chennai,Tier 1,2024-09-18,Male,50
451,Aditya Kapoor,Mumbai,Tier 1,2024-02-15,Female,42
452,Pooja Iyer,Ahmedabad,Tier 2,2024-07-02,Female,33
453,Arjun Chatterjee,Indore,Tier 2,2026-01-07,Female,25
454,Myra Agarwal,Ghaziabad,Tier 3,2025-11-20,Male,43
455,Priya Mishra,Bengaluru,Tier 1,2025-04-21,Male,53
456,Riya Chatterjee,Bhopal,Tier 2,2024-01-09,Female,33
457,Saanvi Bansal,Bhopal,Tier 2,2025-01-12,Male,27
458,Ankit Yadav,Mumbai,Tier 1,2025-02-23,Male,39
459,Priya Kumar,Mumbai,Tier 1,2026-02-16,Male,51
460,Rohan Nair,Pune,Tier 1,2025-03-05,Male,20
461,Ramesh Malhotra,Pune,Tier 1,2026-05-15,Male,55
462,Neha Gupta,Hyderabad,Tier 1,2025-06-01,Male,45
463,Rahul Chauhan,Ahmedabad,Tier 2,2024-08-30,Female,38
464,Saanvi Singh,Bhopal,Tier 2,2024-10-05,Male,27
465,Rahul Joshi,Hyderabad,Tier 1,2024-06-17,Male,52
466,Priya Malhotra,Kanpur,Tier 2,2026-02-27,Female,25
467,Tanvi Verma,Bengaluru,Tier 1,2024-06-10,Male,38
468,Suresh Chauhan,Ahmedabad,Tier 2,2024-04-03,Male,37
469,Neha Malhotra,Jaipur,Tier 2,2026-04-19,Male,24
470,Aarav Verma,Bhopal,Tier 2,2024-04-14,Male,26
471,Sai Chatterjee,Kolkata,Tier 1,2026-04-23,Female,22
472,Isha Singh,Mumbai,Tier 1,2024-03-07,Male,39
473,Ananya Chatterjee,Hyderabad,Tier 1,2024-02-13,Female,43
474,Kavya Patel,Patna,Tier 3,2024-01-31,Female,31
475,Rohan Verma,Chennai,Tier 1,2024-10-08,Male,36
476,Vihaan Gupta,Patna,Tier 3,2025-02-25,Female,42
477,Suraj Iyer,Ahmedabad,Tier 2,2025-03-05,Male,42
478,Manish Yadav,Kanpur,Tier 2,2025-05-06,Female,42
479,Tanvi Iyer,Jaipur,Tier 2,2024-07-03,Male,35
480,Suresh Chatterjee,Delhi,Tier 1,2026-04-08,Male,28
481,Navya Bansal,Hyderabad,Tier 1,2024-09-10,Male,32
482,Diya Patel,Coimbatore,Tier 2,2026-05-16,Male,55
483,Suresh Chatterjee,Lucknow,Tier 2,2026-04-05,Male,40
484,Saanvi Kapoor,Coimbatore,Tier 2,2025-07-31,Female,29
485,Myra Das,Patna,Tier 3,2024-02-08,Male,19
486,Yash Reddy,Ghaziabad,Tier 3,2025-05-04,Male,39
487,Vivaan Singh,Chennai,Tier 1,2026-04-01,Male,25
488,Ramesh Chauhan,Ghaziabad,Tier 3,2026-05-31,Male,39
489,Kavya Kapoor,Surat,Tier 2,2024-11-26,Female,29
490,Suresh Iyer,Vadodara,Tier 2,2025-12-11,Male,42
491,Ishaan Patel,Surat,Tier 2,2026-01-21,Male,54
492,Diya Das,Nagpur,Tier 2,2026-05-21,Female,32
493,Amit Gupta,Coimbatore,Tier 2,2024-04-16,Male,40
494,Sai Mishra,Lucknow,Tier 2,2024-06-20,Female,18
495,Arjun Yadav,Jaipur,Tier 2,2024-08-02,Female,24
496,Pooja Patel,Mumbai,Tier 1,2024-02-19,Female,49
497,Reyansh Kapoor,Nagpur,Tier 2,2024-12-25,Male,28
498,Vivaan Mishra,Bhopal,Tier 2,2024-03-16,Female,24
499,Vikas Patel,Bengaluru,Tier 1,2024-12-16,Male,53
500,Karan Sharma,Bengaluru,Tier 1,2024-12-12,Female,28
501,Reyansh Mishra,Guwahati,Tier 3,2025-03-20,Male,30
502,Ankit Nair,Indore,Tier 2,2025-12-14,Female,37
503,Swati Bansal,Pune,Tier 1,2024-04-08,Female,27
504,Sai Rao,Delhi,Tier 1,2025-01-04,Female,30
505,Riya Gupta,Hyderabad,Tier 1,2024-01-27,Female,25
506,Manish Nair,Surat,Tier 2,2026-03-14,Male,52
507,Vikas Yadav,Nagpur,Tier 2,2024-07-08,Male,46
508,Anika Iyer,Delhi,Tier 1,2024-09-26,Female,54
509,Reyansh Gupta,Delhi,Tier 1,2024-06-03,Female,52
510,Nisha Verma,Indore,Tier 2,2026-02-13,Female,51
511,Karan Chatterjee,Indore,Tier 2,2025-07-02,Male,48
512,Aditya Agarwal,Surat,Tier 2,2024-03-21,Male,25
513,Saanvi Singh,Bhopal,Tier 2,2024-06-26,Male,45
514,Rohan Das,Bengaluru,Tier 1,2025-11-30,Female,38
515,Neha Bansal,Bengaluru,Tier 1,2024-03-30,Female,35
516,Yash Chatterjee,Ghaziabad,Tier 3,2025-04-14,Female,25
517,Meera Chatterjee,Indore,Tier 2,2024-06-02,Male,24
518,Riya Bansal,Coimbatore,Tier 2,2026-03-09,Female,44
519,Swati Das,Jaipur,Tier 2,2025-01-27,Female,20
520,Yash Das,Chennai,Tier 1,2024-10-09,Female,20
521,Vihaan Kapoor,Nagpur,Tier 2,2024-12-05,Female,41
522,Navya Kapoor,Mumbai,Tier 1,2024-12-11,Male,32
523,Rahul Nair,Ahmedabad,Tier 2,2024-11-03,Female,23
524,Pooja Kapoor,Kolkata,Tier 1,2025-03-28,Female,21
525,Priya Agarwal,Ghaziabad,Tier 3,2026-03-21,Female,26
526,Saanvi Reddy,Ghaziabad,Tier 3,2025-08-05,Male,33
527,Ramesh Reddy,Delhi,Tier 1,2025-04-12,Female,41
528,Krishna Sharma,Bhopal,Tier 2,2025-06-01,Male,41
529,Karan Chatterjee,Patna,Tier 3,2025-08-31,Female,40
530,Sai Rao,Chennai,Tier 1,2026-05-07,Male,42
531,Aadhya Iyer,Delhi,Tier 1,2024-06-15,Male,31
532,Vivaan Sharma,Jaipur,Tier 2,2025-10-29,Female,26
533,Anika Das,Chennai,Tier 1,2025-09-07,Female,35
534,Anika Reddy,Indore,Tier 2,2025-01-20,Female,37
535,Meera Kumar,Ghaziabad,Tier 3,2026-04-24,Male,50
536,Tanvi Rao,Kanpur,Tier 2,2025-07-28,Female,24
537,Rahul Nair,Patna,Tier 3,2024-03-06,Female,37
538,Pari Verma,Kolkata,Tier 1,2024-06-02,Female,38
539,Manish Rao,Ahmedabad,Tier 2,2026-01-08,Female,44
540,Meera Chatterjee,Nagpur,Tier 2,2025-02-01,Male,39
541,Karan Yadav,Pune,Tier 1,2025-12-03,Female,28
542,Karan Singh,Vadodara,Tier 2,2024-07-04,Female,53
543,Sai Iyer,Chennai,Tier 1,2025-11-27,Female,32
544,Anika Chatterjee,Surat,Tier 2,2025-03-06,Female,47
545,Meera Chatterjee,Hyderabad,Tier 1,2025-04-26,Male,48
546,Vikas Agarwal,Kolkata,Tier 1,2025-05-27,Female,44
547,Saanvi Mishra,Delhi,Tier 1,2026-05-24,Female,54
548,Diya Gupta,Bhopal,Tier 2,2024-05-26,Female,39
549,Aarav Malhotra,Chennai,Tier 1,2024-11-16,Female,31
550,Sai Singh,Chennai,Tier 1,2025-08-13,Female,45
551,Aarav Verma,Nagpur,Tier 2,2025-03-15,Male,41
552,Vivaan Sharma,Mumbai,Tier 1,2024-11-25,Male,32
553,Vikas Agarwal,Kanpur,Tier 2,2024-11-15,Female,28
554,Riya Malhotra,Bengaluru,Tier 1,2026-04-23,Female,45
555,Saanvi Patel,Ahmedabad,Tier 2,2024-12-16,Female,19
556,Aadhya Sharma,Pune,Tier 1,2024-08-17,Male,25
557,Aditya Chauhan,Kanpur,Tier 2,2025-12-29,Female,52
558,Reyansh Sharma,Guwahati,Tier 3,2024-02-19,Male,25
559,Nisha Nair,Indore,Tier 2,2025-03-30,Female,27
560,Aarav Rao,Kolkata,Tier 1,2025-12-12,Female,24
561,Ishaan Joshi,Ghaziabad,Tier 3,2024-10-03,Male,50
562,Reyansh Kapoor,Guwahati,Tier 3,2024-04-30,Male,30
563,Suresh Joshi,Jaipur,Tier 2,2026-05-01,Female,28
564,Aadhya Kapoor,Delhi,Tier 1,2025-07-15,Female,33
565,Krishna Chatterjee,Mumbai,Tier 1,2024-01-14,Female,27
566,Reyansh Nair,Bengaluru,Tier 1,2026-03-09,Male,47
567,Reyansh Patel,Surat,Tier 2,2024-09-27,Male,36
568,Kavya Kumar,Kanpur,Tier 2,2026-03-31,Male,20
569,Ananya Mishra,Mumbai,Tier 1,2026-05-22,Female,46
570,Ramesh Mishra,Guwahati,Tier 3,2024-10-01,Male,25
571,Vikas Kapoor,Nagpur,Tier 2,2025-02-13,Female,28
572,Vihaan Patel,Hyderabad,Tier 1,2024-05-15,Male,44
573,Isha Patel,Coimbatore,Tier 2,2025-05-09,Female,40
574,Ishaan Kapoor,Guwahati,Tier 3,2024-01-30,Female,25
575,Anika Mishra,Indore,Tier 2,2025-03-27,Male,51
576,Amit Agarwal,Coimbatore,Tier 2,2026-01-11,Male,45
577,Vikas Singh,Pune,Tier 1,2025-05-08,Male,18
578,Manish Patel,Chennai,Tier 1,2025-06-01,Male,49
579,Vihaan Agarwal,Lucknow,Tier 2,2024-09-03,Male,53
580,Sneha Malhotra,Nagpur,Tier 2,2025-02-16,Female,23
581,Manish Sharma,Patna,Tier 3,2025-04-02,Male,43
582,Aarav Gupta,Indore,Tier 2,2024-02-06,Female,50
583,Sneha Mishra,Vadodara,Tier 2,2024-07-30,Female,21
584,Nisha Das,Pune,Tier 1,2026-05-14,Female,41
585,Myra Sharma,Bhopal,Tier 2,2024-04-26,Female,40
586,Reyansh Verma,Surat,Tier 2,2025-07-14,Male,49
587,Pooja Kumar,Ahmedabad,Tier 2,2026-04-21,Female,30
588,Sneha Reddy,Kolkata,Tier 1,2024-05-03,Female,24
589,Meera Kumar,Indore,Tier 2,2024-02-17,Female,47
590,Aarav Agarwal,Coimbatore,Tier 2,2025-05-31,Male,53
591,Deepak Patel,Indore,Tier 2,2026-05-08,Male,26
592,Tanvi Mishra,Hyderabad,Tier 1,2025-01-31,Female,44
593,Neha Mishra,Guwahati,Tier 3,2025-12-10,Female,46
594,Deepak Rao,Ahmedabad,Tier 2,2024-05-21,Female,53
595,Riya Yadav,Kolkata,Tier 1,2024-07-24,Male,29
596,Rahul Kumar,Ghaziabad,Tier 3,2025-07-09,Female,53
597,Pooja Bansal,Patna,Tier 3,2025-08-19,Female,45
598,Vikas Singh,Mumbai,Tier 1,2025-06-19,Male,21
599,Anika Singh,Kolkata,Tier 1,2024-09-30,Male,36
600,Suresh Malhotra,Kolkata,Tier 1,2026-02-10,Male,53
601,Vikas Iyer,Pune,Tier 1,2026-01-30,Female,21
602,Rahul Bansal,Nagpur,Tier 2,2025-01-31,Male,18
603,Isha Iyer,Jaipur,Tier 2,2024-07-26,Female,55
604,Saanvi Rao,Vadodara,Tier 2,2026-01-26,Female,29
605,Deepak Kumar,Bengaluru,Tier 1,2024-07-10,Female,20
606,Ishaan Patel,Indore,Tier 2,2024-10-12,Female,18
607,Rohan Verma,Lucknow,Tier 2,2025-04-22,Male,38
608,Priya Kapoor,Guwahati,Tier 3,2024-02-22,Female,22
609,Suraj Gupta,Lucknow,Tier 2,2025-06-22,Male,44
610,Suresh Iyer,Vadodara,Tier 2,2025-07-03,Male,39
611,Yash Agarwal,Lucknow,Tier 2,2025-01-04,Female,53
612,Isha Iyer,Mumbai,Tier 1,2024-04-27,Male,20
613,Anika Bansal,Lucknow,Tier 2,2025-01-25,Female,19
614,Deepak Malhotra,Ghaziabad,Tier 3,2026-04-21,Female,20
615,Deepak Gupta,Surat,Tier 2,2025-10-29,Male,28
616,Arjun Reddy,Vadodara,Tier 2,2025-06-30,Male,45
617,Kavya Gupta,Hyderabad,Tier 1,2024-07-29,Male,19
618,Sai Gupta,Bhopal,Tier 2,2026-01-04,Male,29
619,Myra Nair,Jaipur,Tier 2,2025-07-25,Female,42
620,Rahul Sharma,Bhopal,Tier 2,2025-10-07,Female,25
621,Yash Gupta,Vadodara,Tier 2,2024-01-07,Male,22
622,Priya Das,Kanpur,Tier 2,2025-05-29,Male,36
623,Vivaan Kapoor,Bhopal,Tier 2,2025-01-25,Male,52
624,Ankit Rao,Pune,Tier 1,2024-05-19,Male,37
625,Nisha Singh,Kanpur,Tier 2,2024-01-12,Male,20
626,Ankit Bansal,Mumbai,Tier 1,2025-08-09,Male,37
627,Suresh Reddy,Kolkata,Tier 1,2026-02-05,Female,50
628,Yash Nair,Ahmedabad,Tier 2,2024-06-13,Male,25
629,Vihaan Bansal,Chennai,Tier 1,2025-11-18,Female,53
630,Anika Kumar,Bengaluru,Tier 1,2024-10-24,Male,55
631,Pari Kumar,Patna,Tier 3,2024-12-04,Female,22
632,Amit Das,Kolkata,Tier 1,2024-11-21,Female,55
633,Rahul Joshi,Ahmedabad,Tier 2,2025-08-02,Male,18
634,Kavya Nair,Lucknow,Tier 2,2024-09-09,Female,26
635,Suresh Rao,Lucknow,Tier 2,2025-05-06,Female,53
636,Sai Nair,Hyderabad,Tier 1,2024-06-28,Male,52
637,Arjun Gupta,Kolkata,Tier 1,2024-09-26,Male,50
638,Neha Chatterjee,Mumbai,Tier 1,2026-04-12,Male,20
639,Ankit Kapoor,Vadodara,Tier 2,2024-09-23,Male,41
640,Riya Singh,Nagpur,Tier 2,2024-08-16,Female,50
641,Deepak Sharma,Ghaziabad,Tier 3,2024-04-02,Male,28
642,Diya Chatterjee,Ghaziabad,Tier 3,2024-05-23,Male,48
643,Manish Iyer,Kanpur,Tier 2,2024-02-11,Male,34
644,Aadhya Agarwal,Kanpur,Tier 2,2024-08-27,Female,42
645,Rahul Kumar,Patna,Tier 3,2025-04-10,Female,34
646,Vikas Chauhan,Coimbatore,Tier 2,2025-07-11,Female,55
647,Myra Agarwal,Bengaluru,Tier 1,2025-06-13,Female,40
648,Tanvi Sharma,Kanpur,Tier 2,2025-05-13,Male,46
649,Navya Reddy,Chennai,Tier 1,2024-08-23,Male,29
650,Krishna Iyer,Chennai,Tier 1,2025-01-05,Female,39
651,Karan Reddy,Hyderabad,Tier 1,2025-05-08,Male,44
652,Swati Chatterjee,Mumbai,Tier 1,2024-09-06,Male,26
653,Vihaan Patel,Ghaziabad,Tier 3,2024-02-10,Female,29
654,Vivaan Rao,Ghaziabad,Tier 3,2025-02-19,Male,31
655,Karan Patel,Bhopal,Tier 2,2025-09-13,Male,44
656,Diya Das,Guwahati,Tier 3,2024-05-26,Female,28
657,Arjun Iyer,Lucknow,Tier 2,2025-04-09,Female,42
658,Suraj Agarwal,Ahmedabad,Tier 2,2024-04-21,Female,27
659,Yash Das,Guwahati,Tier 3,2024-04-08,Male,52
660,Karan Singh,Ghaziabad,Tier 3,2026-02-09,Male,45
661,Aditya Agarwal,Ghaziabad,Tier 3,2025-03-06,Female,32
662,Meera Chatterjee,Patna,Tier 3,2026-03-19,Male,45
663,Myra Gupta,Ahmedabad,Tier 2,2024-09-17,Female,52
664,Aarav Chatterjee,Indore,Tier 2,2024-09-20,Male,51
665,Rahul Joshi,Mumbai,Tier 1,2025-01-19,Female,24
666,Anika Nair,Ahmedabad,Tier 2,2025-03-12,Female,54
667,Neha Reddy,Kanpur,Tier 2,2025-09-18,Female,53
668,Nisha Bansal,Vadodara,Tier 2,2025-05-09,Female,34
669,Neha Singh,Surat,Tier 2,2025-08-14,Male,32
670,Reyansh Reddy,Bhopal,Tier 2,2026-03-12,Female,39
671,Vihaan Patel,Vadodara,Tier 2,2025-09-20,Female,18
672,Tanvi Joshi,Bengaluru,Tier 1,2026-04-23,Male,22
673,Tanvi Verma,Jaipur,Tier 2,2024-08-15,Female,43
674,Tanvi Verma,Guwahati,Tier 3,2025-11-02,Male,49
675,Suraj Rao,Bhopal,Tier 2,2024-01-11,Male,20
676,Myra Das,Guwahati,Tier 3,2025-06-06,Male,20
677,Ananya Gupta,Kanpur,Tier 2,2024-09-01,Female,43
678,Meera Reddy,Kanpur,Tier 2,2025-11-16,Male,22
679,Nisha Chatterjee,Bengaluru,Tier 1,2025-07-16,Female,40
680,Sneha Chauhan,Jaipur,Tier 2,2024-08-19,Male,34
681,Nisha Gupta,Chennai,Tier 1,2025-02-20,Female,39
682,Ankit Chatterjee,Hyderabad,Tier 1,2026-04-02,Female,46
683,Pari Mishra,Nagpur,Tier 2,2025-07-30,Female,47
684,Anika Gupta,Coimbatore,Tier 2,2024-01-29,Female,32
685,Suresh Agarwal,Pune,Tier 1,2026-03-30,Male,34
686,Amit Gupta,Pune,Tier 1,2024-10-21,Male,48
687,Swati Nair,Lucknow,Tier 2,2024-12-28,Male,30
688,Pari Nair,Patna,Tier 3,2026-01-24,Male,32
689,Yash Yadav,Kolkata,Tier 1,2026-05-04,Male,24
690,Manish Das,Hyderabad,Tier 1,2024-03-21,Male,52
691,Yash Mishra,Delhi,Tier 1,2026-05-18,Female,54
692,Deepak Nair,Jaipur,Tier 2,2025-05-17,Female,32
693,Kavya Kapoor,Coimbatore,Tier 2,2024-05-11,Male,50
694,Diya Malhotra,Kanpur,Tier 2,2025-02-07,Male,51
695,Aarav Reddy,Bhopal,Tier 2,2024-11-19,Female,55
696,Anika Patel,Hyderabad,Tier 1,2024-11-29,Female,33
697,Ramesh Patel,Jaipur,Tier 2,2025-04-27,Female,45
698,Ramesh Yadav,Kolkata,Tier 1,2025-03-05,Female,35
699,Swati Iyer,Bhopal,Tier 2,2024-07-03,Male,35
700,Vikas Reddy,Pune,Tier 1,2025-07-22,Male,27
701,Pooja Kapoor,Patna,Tier 3,2026-04-05,Male,51
702,Manish Rao,Vadodara,Tier 2,2026-01-07,Female,53
703,Ananya Verma,Coimbatore,Tier 2,2024-02-18,Male,34
704,Isha Mishra,Patna,Tier 3,2026-05-09,Female,41
705,Anika Yadav,Kanpur,Tier 2,2025-07-27,Male,44
706,Saanvi Chatterjee,Hyderabad,Tier 1,2024-12-25,Male,36
707,Manish Malhotra,Kanpur,Tier 2,2024-11-28,Male,42
708,Rohan Patel,Guwahati,Tier 3,2024-10-20,Female,44
709,Arjun Gupta,Guwahati,Tier 3,2025-08-08,Male,39
710,Riya Nair,Pune,Tier 1,2024-11-17,Female,35
711,Meera Agarwal,Bhopal,Tier 2,2026-03-10,Female,44
712,Pari Nair,Chennai,Tier 1,2024-07-07,Male,31
713,Arjun Kapoor,Chennai,Tier 1,2025-02-10,Male,19
714,Anika Das,Nagpur,Tier 2,2025-06-20,Male,23
715,Riya Malhotra,Nagpur,Tier 2,2024-11-12,Male,26
716,Aditya Yadav,Ghaziabad,Tier 3,2026-05-08,Female,48
717,Isha Singh,Bhopal,Tier 2,2025-07-07,Male,55
718,Swati Joshi,Guwahati,Tier 3,2025-04-12,Female,40
719,Sai Malhotra,Patna,Tier 3,2025-07-06,Female,41
720,Aarav Sharma,Indore,Tier 2,2024-09-23,Male,40
721,Manish Kapoor,Surat,Tier 2,2025-04-25,Female,18
722,Myra Sharma,Indore,Tier 2,2026-03-28,Female,30
723,Pari Patel,Indore,Tier 2,2025-07-28,Female,42
724,Pari Agarwal,Pune,Tier 1,2024-09-26,Female,36
725,Saanvi Gupta,Vadodara,Tier 2,2026-04-08,Male,26
726,Yash Malhotra,Surat,Tier 2,2024-04-23,Female,49
727,Vihaan Bansal,Kolkata,Tier 1,2024-11-24,Male,29
728,Isha Sharma,Hyderabad,Tier 1,2024-10-15,Male,23
729,Amit Joshi,Ahmedabad,Tier 2,2024-01-16,Female,49
730,Aditya Mishra,Kanpur,Tier 2,2025-04-19,Male,27
731,Ankit Kapoor,Delhi,Tier 1,2024-09-29,Male,30
732,Aarav Kumar,Jaipur,Tier 2,2026-04-16,Male,42
733,Saanvi Malhotra,Bhopal,Tier 2,2024-09-10,Male,51
734,Priya Mishra,Kolkata,Tier 1,2025-04-29,Male,20
735,Karan Rao,Vadodara,Tier 2,2025-06-17,Male,41
736,Pari Joshi,Delhi,Tier 1,2025-11-13,Female,18
737,Krishna Chauhan,Chennai,Tier 1,2026-03-24,Male,18
738,Tanvi Singh,Delhi,Tier 1,2025-08-18,Female,23
739,Yash Mishra,Pune,Tier 1,2024-06-10,Male,21
740,Ankit Kumar,Kanpur,Tier 2,2025-10-22,Male,49
741,Suresh Malhotra,Pune,Tier 1,2024-11-20,Male,19
742,Anika Verma,Nagpur,Tier 2,2025-01-01,Female,46
743,Manish Reddy,Vadodara,Tier 2,2024-10-28,Male,52
744,Navya Das,Kanpur,Tier 2,2024-11-27,Male,22
745,Anika Bansal,Ghaziabad,Tier 3,2024-06-07,Female,47
746,Vikas Patel,Mumbai,Tier 1,2026-03-05,Male,41
747,Arjun Bansal,Guwahati,Tier 3,2024-09-01,Female,30
748,Nisha Singh,Ghaziabad,Tier 3,2025-11-30,Female,38
749,Reyansh Agarwal,Indore,Tier 2,2025-10-18,Male,20
750,Reyansh Kapoor,Ahmedabad,Tier 2,2024-07-01,Male,24
751,Vikas Kapoor,Delhi,Tier 1,2025-08-07,Female,21
752,Arjun Sharma,Kanpur,Tier 2,2024-08-14,Male,49
753,Ramesh Bansal,Bengaluru,Tier 1,2025-04-24,Female,41
754,Suraj Verma,Delhi,Tier 1,2026-04-23,Male,37
755,Reyansh Iyer,Bengaluru,Tier 1,2024-08-09,Female,30
756,Swati Patel,Kolkata,Tier 1,2025-06-22,Female,24
757,Kavya Kumar,Coimbatore,Tier 2,2025-01-01,Male,29
758,Ananya Bansal,Vadodara,Tier 2,2025-02-15,Female,40
759,Ramesh Joshi,Lucknow,Tier 2,2025-07-17,Female,38
760,Aadhya Chauhan,Guwahati,Tier 3,2024-09-03,Female,41
761,Aditya Rao,Bhopal,Tier 2,2025-04-03,Male,51
762,Myra Reddy,Ahmedabad,Tier 2,2024-11-05,Female,19
763,Swati Chatterjee,Jaipur,Tier 2,2025-07-20,Male,24
764,Ishaan Nair,Delhi,Tier 1,2025-04-16,Female,55
765,Priya Gupta,Pune,Tier 1,2024-08-26,Female,54
766,Rahul Kapoor,Kolkata,Tier 1,2026-01-21,Male,49
767,Priya Verma,Coimbatore,Tier 2,2026-04-19,Female,23
768,Kavya Joshi,Delhi,Tier 1,2026-02-28,Male,32
769,Vikas Verma,Guwahati,Tier 3,2024-01-12,Female,51
770,Rohan Mishra,Delhi,Tier 1,2024-11-22,Male,27
771,Isha Das,Delhi,Tier 1,2025-11-20,Male,32
772,Ishaan Mishra,Indore,Tier 2,2024-10-23,Male,48
773,Neha Nair,Coimbatore,Tier 2,2026-02-02,Male,43
774,Ishaan Kapoor,Ghaziabad,Tier 3,2025-03-20,Male,49
775,Nisha Das,Nagpur,Tier 2,2025-10-29,Male,33
776,Swati Gupta,Bengaluru,Tier 1,2024-09-29,Male,44
777,Rahul Yadav,Indore,Tier 2,2025-01-09,Male,37
778,Isha Das,Chennai,Tier 1,2024-12-24,Male,46
779,Ramesh Singh,Delhi,Tier 1,2026-04-17,Male,25
780,Rohan Rao,Delhi,Tier 1,2024-09-05,Male,39
781,Vivaan Mishra,Hyderabad,Tier 1,2024-11-08,Male,52
782,Anika Bansal,Kolkata,Tier 1,2024-07-27,Female,27
783,Suraj Verma,Mumbai,Tier 1,2025-01-20,Female,28
784,Yash Nair,Delhi,Tier 1,2024-10-17,Male,47
785,Navya Yadav,Mumbai,Tier 1,2024-03-09,Male,19
786,Vikas Agarwal,Surat,Tier 2,2025-10-26,Male,38
787,Diya Reddy,Patna,Tier 3,2025-09-03,Female,53
788,Suraj Rao,Mumbai,Tier 1,2024-02-10,Female,49
789,Suresh Yadav,Nagpur,Tier 2,2026-02-01,Female,37
790,Vihaan Nair,Pune,Tier 1,2025-05-28,Female,19
791,Amit Chauhan,Vadodara,Tier 2,2024-10-13,Male,23
792,Myra Joshi,Nagpur,Tier 2,2025-06-17,Male,54
793,Tanvi Mishra,Ahmedabad,Tier 2,2025-03-12,Female,52
794,Meera Bansal,Ahmedabad,Tier 2,2024-07-30,Male,26
795,Suraj Singh,Surat,Tier 2,2025-12-06,Female,27
796,Nisha Bansal,Coimbatore,Tier 2,2024-06-10,Male,29
797,Vivaan Mishra,Lucknow,Tier 2,2026-05-09,Female,44
798,Navya Singh,Surat,Tier 2,2025-03-29,Male,24
799,Yash Das,Ahmedabad,Tier 2,2024-07-08,Female,54
800,Myra Sharma,Guwahati,Tier 3,2024-08-24,Female,23
801,Tanvi Kapoor,Patna,Tier 3,2024-05-17,Female,29
802,Ananya Reddy,Nagpur,Tier 2,2025-05-18,Male,20
803,Navya Joshi,Indore,Tier 2,2026-02-21,Male,30
804,Isha Das,Kolkata,Tier 1,2024-03-08,Female,38
805,Aditya Das,Bhopal,Tier 2,2024-09-09,Female,38
806,Tanvi Bansal,Nagpur,Tier 2,2025-09-18,Male,51
807,Aditya Iyer,Hyderabad,Tier 1,2025-04-07,Female,20
808,Vihaan Reddy,Vadodara,Tier 2,2025-01-31,Female,46
809,Ananya Joshi,Nagpur,Tier 2,2024-11-07,Female,21
810,Isha Gupta,Ghaziabad,Tier 3,2024-05-25,Male,29
811,Neha Joshi,Coimbatore,Tier 2,2025-12-13,Female,46
812,Saanvi Malhotra,Mumbai,Tier 1,2024-07-02,Male,34
813,Ananya Kumar,Lucknow,Tier 2,2025-12-09,Male,25
814,Suraj Chauhan,Bhopal,Tier 2,2025-10-11,Male,42
815,Ananya Mishra,Vadodara,Tier 2,2025-01-24,Male,28
816,Pooja Rao,Ahmedabad,Tier 2,2024-07-02,Female,46
817,Ishaan Reddy,Surat,Tier 2,2025-10-03,Male,34
818,Manish Bansal,Mumbai,Tier 1,2025-04-14,Male,49
819,Karan Malhotra,Pune,Tier 1,2024-08-10,Female,46
820,Pari Bansal,Bengaluru,Tier 1,2025-09-07,Female,53
821,Vihaan Yadav,Kolkata,Tier 1,2024-02-20,Male,27
822,Tanvi Rao,Delhi,Tier 1,2025-11-14,Female,23
823,Ananya Rao,Delhi,Tier 1,2024-04-21,Male,47
824,Priya Mishra,Coimbatore,Tier 2,2025-01-03,Female,42
825,Nisha Gupta,Bengaluru,Tier 1,2026-02-15,Female,48
826,Navya Mishra,Ahmedabad,Tier 2,2024-05-04,Female,51
827,Vihaan Kumar,Kolkata,Tier 1,2025-12-13,Male,48
828,Kavya Das,Guwahati,Tier 3,2026-03-18,Female,34
829,Ishaan Das,Ghaziabad,Tier 3,2025-08-11,Female,51
830,Yash Iyer,Patna,Tier 3,2025-05-19,Female,30
831,Krishna Reddy,Mumbai,Tier 1,2024-05-01,Female,44
832,Aadhya Sharma,Delhi,Tier 1,2024-12-07,Male,36
833,Priya Agarwal,Jaipur,Tier 2,2026-03-20,Female,18
834,Neha Chatterjee,Hyderabad,Tier 1,2025-12-03,Male,29
835,Karan Kapoor,Kolkata,Tier 1,2024-12-04,Male,26
836,Ankit Mishra,Patna,Tier 3,2024-06-08,Female,44
837,Swati Mishra,Delhi,Tier 1,2026-05-05,Male,31
838,Suresh Gupta,Coimbatore,Tier 2,2025-12-02,Male,35
839,Ankit Patel,Mumbai,Tier 1,2024-12-13,Female,29
840,Rahul Verma,Guwahati,Tier 3,2024-04-29,Female,44
841,Isha Rao,Bengaluru,Tier 1,2025-05-23,Male,51
842,Aditya Reddy,Surat,Tier 2,2024-06-28,Male,46
843,Deepak Singh,Ghaziabad,Tier 3,2024-01-26,Male,39
844,Rahul Singh,Patna,Tier 3,2026-01-20,Male,51
845,Sneha Chauhan,Ahmedabad,Tier 2,2024-07-29,Male,18
846,Tanvi Gupta,Surat,Tier 2,2024-02-15,Female,47
847,Priya Sharma,Delhi,Tier 1,2024-04-15,Female,31
848,Navya Bansal,Lucknow,Tier 2,2024-07-24,Female,46
849,Navya Kumar,Hyderabad,Tier 1,2024-10-06,Male,53
850,Suresh Bansal,Ghaziabad,Tier 3,2024-04-14,Female,35
851,Pari Patel,Ahmedabad,Tier 2,2025-12-22,Male,37
852,Vihaan Singh,Guwahati,Tier 3,2024-12-12,Male,48
853,Sai Joshi,Delhi,Tier 1,2024-04-18,Female,29
854,Isha Das,Guwahati,Tier 3,2025-08-29,Female,37
855,Ankit Gupta,Lucknow,Tier 2,2026-04-17,Female,54
856,Reyansh Malhotra,Ahmedabad,Tier 2,2024-04-05,Female,47
857,Yash Nair,Patna,Tier 3,2024-08-25,Female,43
858,Rahul Malhotra,Chennai,Tier 1,2025-12-17,Female,19
859,Karan Malhotra,Bengaluru,Tier 1,2025-05-01,Male,36
860,Deepak Kumar,Kanpur,Tier 2,2025-09-10,Female,24
861,Priya Bansal,Lucknow,Tier 2,2025-07-23,Female,43
862,Pari Bansal,Coimbatore,Tier 2,2025-02-27,Male,48
863,Meera Joshi,Nagpur,Tier 2,2024-03-08,Female,54
864,Diya Gupta,Lucknow,Tier 2,2025-07-11,Female,25
865,Nisha Kumar,Coimbatore,Tier 2,2025-09-02,Female,29
866,Reyansh Das,Surat,Tier 2,2025-02-19,Female,38
867,Sai Reddy,Patna,Tier 3,2025-10-22,Male,55
868,Rohan Malhotra,Mumbai,Tier 1,2026-02-14,Female,42
869,Aadhya Mishra,Guwahati,Tier 3,2025-08-14,Female,54
870,Suresh Gupta,Surat,Tier 2,2025-03-21,Male,50
871,Riya Verma,Nagpur,Tier 2,2026-05-17,Female,53
872,Suresh Kumar,Delhi,Tier 1,2024-01-01,Female,19
873,Neha Mishra,Pune,Tier 1,2025-03-18,Female,43
874,Diya Kapoor,Nagpur,Tier 2,2025-03-21,Male,30
875,Pooja Singh,Vadodara,Tier 2,2025-01-28,Female,26
876,Vivaan Singh,Ahmedabad,Tier 2,2024-01-12,Female,45
877,Pooja Malhotra,Ahmedabad,Tier 2,2024-03-27,Female,29
878,Isha Chauhan,Bhopal,Tier 2,2025-06-05,Female,32
879,Swati Kapoor,Chennai,Tier 1,2025-03-10,Male,50
880,Ramesh Verma,Jaipur,Tier 2,2025-02-24,Male,54
881,Meera Kapoor,Patna,Tier 3,2025-12-22,Male,27
882,Suraj Gupta,Ghaziabad,Tier 3,2026-05-29,Male,33
883,Arjun Bansal,Patna,Tier 3,2025-10-07,Female,21
884,Sneha Agarwal,Lucknow,Tier 2,2025-07-01,Female,54
885,Riya Rao,Lucknow,Tier 2,2025-03-07,Male,20
886,Swati Nair,Guwahati,Tier 3,2026-02-06,Male,48
887,Riya Das,Coimbatore,Tier 2,2024-06-22,Male,36
888,Arjun Nair,Patna,Tier 3,2024-03-25,Female,26
889,Anika Sharma,Guwahati,Tier 3,2024-10-14,Male,29
890,Isha Yadav,Coimbatore,Tier 2,2026-01-26,Male,34
891,Suraj Verma,Pune,Tier 1,2025-05-11,Female,23
892,Manish Joshi,Ahmedabad,Tier 2,2025-09-01,Female,33
893,Aadhya Chatterjee,Bhopal,Tier 2,2026-01-13,Female,21
894,Ananya Malhotra,Jaipur,Tier 2,2026-02-12,Female,48
895,Ankit Iyer,Surat,Tier 2,2025-05-02,Female,42
896,Kavya Sharma,Patna,Tier 3,2024-09-25,Female,46
897,Aditya Kumar,Nagpur,Tier 2,2025-11-25,Female,45
898,Navya Nair,Guwahati,Tier 3,2025-10-29,Male,34
899,Pari Chatterjee,Coimbatore,Tier 2,2025-02-04,Male,51
900,Rahul Bansal,Lucknow,Tier 2,2025-11-24,Male,18
901,Suraj Kumar,Bengaluru,Tier 1,2024-01-13,Female,40
902,Saanvi Verma,Pune,Tier 1,2026-01-12,Male,23
903,Aadhya Das,Delhi,Tier 1,2025-08-31,Male,25
904,Vikas Chatterjee,Bengaluru,Tier 1,2026-05-26,Male,25
905,Arjun Malhotra,Chennai,Tier 1,2024-09-16,Female,45
906,Arjun Nair,Lucknow,Tier 2,2024-09-20,Male,42
907,Anika Patel,Nagpur,Tier 2,2024-12-06,Female,22
908,Diya Kapoor,Patna,Tier 3,2024-07-24,Male,27
909,Yash Kumar,Vadodara,Tier 2,2026-02-26,Female,34
910,Swati Nair,Hyderabad,Tier 1,2024-02-05,Female,19
911,Aarav Verma,Patna,Tier 3,2024-06-01,Female,35
912,Neha Chatterjee,Ahmedabad,Tier 2,2025-12-17,Male,50
913,Arjun Bansal,Patna,Tier 3,2025-05-04,Male,18
914,Swati Bansal,Nagpur,Tier 2,2025-12-06,Female,39
915,Sai Yadav,Surat,Tier 2,2025-02-14,Female,23
916,Saanvi Patel,Bhopal,Tier 2,2026-02-17,Male,42
917,Reyansh Yadav,Kolkata,Tier 1,2024-11-02,Female,23
918,Aditya Reddy,Bhopal,Tier 2,2026-01-22,Male,55
919,Ankit Rao,Pune,Tier 1,2025-05-15,Female,52
920,Vihaan Mishra,Bhopal,Tier 2,2024-01-17,Male,43
921,Suraj Malhotra,Hyderabad,Tier 1,2024-08-04,Male,55
922,Rohan Kapoor,Pune,Tier 1,2024-03-14,Male,48
923,Ishaan Sharma,Guwahati,Tier 3,2024-02-16,Male,21
924,Yash Patel,Surat,Tier 2,2026-04-20,Male,24
925,Yash Iyer,Hyderabad,Tier 1,2025-05-24,Male,30
926,Neha Mishra,Indore,Tier 2,2024-12-11,Male,54
927,Aadhya Verma,Vadodara,Tier 2,2024-05-20,Male,39
928,Pooja Patel,Bengaluru,Tier 1,2024-05-03,Female,53
929,Meera Verma,Chennai,Tier 1,2025-03-25,Male,24
930,Manish Gupta,Guwahati,Tier 3,2025-01-20,Male,18
931,Meera Rao,Chennai,Tier 1,2024-04-01,Female,48
932,Navya Agarwal,Ahmedabad,Tier 2,2024-07-30,Female,44
933,Aditya Das,Pune,Tier 1,2024-06-27,Male,49
934,Priya Yadav,Guwahati,Tier 3,2024-03-31,Female,18
935,Suraj Kumar,Vadodara,Tier 2,2024-08-29,Female,52
936,Aadhya Nair,Ghaziabad,Tier 3,2024-08-12,Male,30
937,Karan Kapoor,Hyderabad,Tier 1,2026-03-26,Male,28
938,Riya Reddy,Delhi,Tier 1,2024-02-25,Female,34
939,Reyansh Verma,Lucknow,Tier 2,2025-09-23,Male,28
940,Arjun Iyer,Mumbai,Tier 1,2025-05-11,Female,55
941,Rahul Iyer,Coimbatore,Tier 2,2024-11-29,Male,38
942,Pooja Reddy,Pune,Tier 1,2024-04-10,Female,32
943,Vihaan Joshi,Bengaluru,Tier 1,2025-04-27,Male,31
944,Ramesh Singh,Guwahati,Tier 3,2025-04-10,Female,30
945,Ishaan Verma,Kanpur,Tier 2,2024-10-03,Male,35
946,Pooja Patel,Ahmedabad,Tier 2,2024-04-23,Female,32
947,Yash Patel,Surat,Tier 2,2025-09-10,Male,23
948,Aadhya Chatterjee,Indore,Tier 2,2026-05-27,Female,47
949,Pari Iyer,Jaipur,Tier 2,2024-01-15,Female,45
950,Swati Sharma,Coimbatore,Tier 2,2024-08-15,Female,20
951,Deepak Verma,Delhi,Tier 1,2025-04-26,Female,51
952,Reyansh Malhotra,Nagpur,Tier 2,2025-05-05,Female,33
953,Pooja Reddy,Bengaluru,Tier 1,2025-07-25,Male,40
954,Vivaan Kapoor,Surat,Tier 2,2024-09-01,Female,28
955,Meera Sharma,Bhopal,Tier 2,2026-05-28,Female,47
956,Ramesh Malhotra,Ahmedabad,Tier 2,2025-12-21,Male,22
957,Aditya Rao,Nagpur,Tier 2,2025-12-08,Female,35
958,Aadhya Gupta,Guwahati,Tier 3,2025-07-09,Female,21
959,Vihaan Kumar,Ghaziabad,Tier 3,2025-11-21,Female,41
960,Ramesh Patel,Bhopal,Tier 2,2025-09-25,Male,53
961,Ankit Kumar,Kolkata,Tier 1,2024-05-21,Female,55
962,Myra Mishra,Kolkata,Tier 1,2026-02-10,Female,35
963,Vihaan Gupta,Ghaziabad,Tier 3,2025-11-27,Female,40
964,Krishna Kapoor,Bhopal,Tier 2,2025-05-12,Female,46
965,Arjun Reddy,Guwahati,Tier 3,2025-01-11,Female,23
966,Arjun Kumar,Bengaluru,Tier 1,2025-02-04,Male,35
967,Rohan Reddy,Hyderabad,Tier 1,2025-12-14,Male,36
968,Ishaan Kapoor,Indore,Tier 2,2025-11-29,Female,44
969,Riya Reddy,Bhopal,Tier 2,2026-01-25,Male,19
970,Amit Joshi,Pune,Tier 1,2026-05-04,Female,38
971,Suraj Bansal,Patna,Tier 3,2025-08-30,Female,47
972,Priya Patel,Surat,Tier 2,2025-08-03,Female,32
973,Vihaan Singh,Patna,Tier 3,2025-01-15,Female,36
974,Ananya Bansal,Bhopal,Tier 2,2024-06-19,Female,29
975,Rohan Patel,Chennai,Tier 1,2026-05-09,Male,25
976,Isha Nair,Delhi,Tier 1,2024-11-20,Female,29
977,Rahul Yadav,Kolkata,Tier 1,2025-07-29,Male,41
978,Priya Kumar,Bhopal,Tier 2,2025-07-06,Male,43
979,Rahul Singh,Patna,Tier 3,2026-02-25,Male,52
980,Riya Kapoor,Ghaziabad,Tier 3,2024-12-05,Female,54
981,Isha Mishra,Ahmedabad,Tier 2,2026-03-29,Male,48
982,Krishna Rao,Delhi,Tier 1,2024-05-22,Male,43
983,Suresh Gupta,Guwahati,Tier 3,2026-05-11,Female,21
984,Suraj Iyer,Guwahati,Tier 3,2025-10-18,Female,30
985,Isha Gupta,Mumbai,Tier 1,2024-03-26,Female,30
986,Deepak Verma,Patna,Tier 3,2024-11-21,Female,43
987,Vikas Yadav,Ahmedabad,Tier 2,2026-01-03,Male,36
988,Nisha Gupta,Kanpur,Tier 2,2024-12-25,Male,46
989,Ananya Joshi,Indore,Tier 2,2026-04-02,Female,26
990,Aadhya Rao,Coimbatore,Tier 2,2025-09-04,Female,51
991,Vikas Gupta,Lucknow,Tier 2,2024-03-08,Male,44
992,Sneha Chatterjee,Jaipur,Tier 2,2025-02-28,Male,30
993,Nisha Kapoor,Chennai,Tier 1,2026-05-02,Male,37
994,Sneha Iyer,Coimbatore,Tier 2,2024-11-07,Male,18
995,Karan Kumar,Ahmedabad,Tier 2,2024-09-25,Female,44
996,Pari Sharma,Chennai,Tier 1,2025-05-18,Male,35
997,Ramesh Chatterjee,Patna,Tier 3,2024-03-09,Female,54
998,Karan Kumar,Indore,Tier 2,2024-09-21,Female,50
999,Meera Verma,Coimbatore,Tier 2,2024-01-18,Male,38
1000,Ananya Verma,Bhopal,Tier 2,2025-12-10,Female,41
1001,Riya Rao,Indore,Tier 2,2025-10-13,Male,50
1002,Reyansh Das,Kolkata,Tier 1,2026-02-23,Male,52
1003,Priya Nair,Lucknow,Tier 2,2024-11-19,Female,24
1004,Rohan Sharma,Vadodara,Tier 2,2025-08-16,Male,51
1005,Amit Patel,Surat,Tier 2,2025-01-16,Male,31
1006,Saanvi Bansal,Ahmedabad,Tier 2,2025-05-30,Male,44
1007,Ishaan Sharma,Bhopal,Tier 2,2024-03-19,Female,40
1008,Isha Das,Surat,Tier 2,2025-12-08,Female,29
1009,Krishna Iyer,Surat,Tier 2,2024-01-30,Male,27
1010,Ishaan Gupta,Pune,Tier 1,2024-11-10,Female,25
1011,Kavya Verma,Bengaluru,Tier 1,2024-01-20,Male,24
1012,Meera Verma,Delhi,Tier 1,2026-03-23,Female,25
1013,Aarav Kumar,Jaipur,Tier 2,2024-02-14,Male,31
1014,Suresh Sharma,Coimbatore,Tier 2,2024-07-23,Male,27
1015,Ananya Agarwal,Jaipur,Tier 2,2025-08-16,Male,50
1016,Meera Sharma,Coimbatore,Tier 2,2024-03-10,Male,30
1017,Reyansh Reddy,Surat,Tier 2,2024-06-24,Female,41
1018,Reyansh Patel,Coimbatore,Tier 2,2024-07-08,Female,42
1019,Pooja Kumar,Indore,Tier 2,2024-08-07,Female,25
1020,Manish Yadav,Bhopal,Tier 2,2024-04-22,Female,53
1021,Krishna Chauhan,Delhi,Tier 1,2024-03-25,Female,47
1022,Isha Iyer,Guwahati,Tier 3,2026-01-23,Female,36
1023,Karan Yadav,Indore,Tier 2,2024-07-12,Male,18
1024,Isha Agarwal,Patna,Tier 3,2025-11-19,Male,25
1025,Meera Kumar,Ahmedabad,Tier 2,2025-02-08,Male,22
1026,Tanvi Chauhan,Kanpur,Tier 2,2024-07-22,Male,32
1027,Meera Chatterjee,Indore,Tier 2,2026-01-12,Female,43
1028,Neha Kapoor,Kanpur,Tier 2,2025-05-02,Female,27
1029,Manish Kapoor,Bhopal,Tier 2,2024-04-20,Male,26
1030,Arjun Kapoor,Mumbai,Tier 1,2024-04-11,Male,29
1031,Rohan Rao,Nagpur,Tier 2,2025-09-11,Male,22
1032,Sneha Reddy,Ghaziabad,Tier 3,2026-02-24,Female,49
1033,Amit Bansal,Patna,Tier 3,2025-05-31,Male,20
1034,Rahul Chauhan,Indore,Tier 2,2024-05-01,Female,47
1035,Priya Patel,Delhi,Tier 1,2024-02-03,Female,45
1036,Manish Kumar,Ahmedabad,Tier 2,2024-11-15,Female,53
1037,Nisha Patel,Vadodara,Tier 2,2025-08-08,Male,43
1038,Yash Yadav,Jaipur,Tier 2,2025-05-21,Female,38
1039,Ishaan Yadav,Delhi,Tier 1,2024-01-29,Female,55
1040,Vikas Kumar,Mumbai,Tier 1,2026-02-22,Female,40
1041,Pari Iyer,Kanpur,Tier 2,2025-02-25,Male,37
1042,Priya Kumar,Coimbatore,Tier 2,2024-03-27,Female,28
1043,Sneha Joshi,Mumbai,Tier 1,2025-07-05,Female,35
1044,Vivaan Mishra,Mumbai,Tier 1,2025-12-13,Female,54
1045,Manish Kumar,Nagpur,Tier 2,2024-11-26,Male,39
1046,Ananya Das,Patna,Tier 3,2025-05-29,Female,41
1047,Arjun Bansal,Indore,Tier 2,2024-07-25,Male,36
1048,Neha Iyer,Jaipur,Tier 2,2024-02-18,Male,55
1049,Arjun Chatterjee,Hyderabad,Tier 1,2025-08-29,Female,45
1050,Priya Agarwal,Kolkata,Tier 1,2024-12-21,Female,45
1051,Neha Nair,Vadodara,Tier 2,2024-11-16,Female,53
1052,Suraj Patel,Chennai,Tier 1,2024-01-20,Female,31
1053,Yash Joshi,Bhopal,Tier 2,2024-10-01,Male,51
1054,Pari Singh,Kolkata,Tier 1,2025-01-08,Female,45
1055,Aadhya Joshi,Indore,Tier 2,2024-11-22,Female,36
1056,Pari Chauhan,Chennai,Tier 1,2024-09-19,Male,25
1057,Priya Malhotra,Ahmedabad,Tier 2,2024-07-15,Female,53
1058,Aditya Reddy,Indore,Tier 2,2025-03-08,Male,35
1059,Navya Bansal,Ahmedabad,Tier 2,2024-01-30,Male,20
1060,Sai Mishra,Patna,Tier 3,2026-03-12,Female,22
1061,Sai Chauhan,Indore,Tier 2,2025-01-07,Male,33
1062,Krishna Agarwal,Hyderabad,Tier 1,2025-08-07,Female,49
1063,Rahul Mishra,Bengaluru,Tier 1,2024-08-31,Female,33
1064,Diya Reddy,Indore,Tier 2,2024-08-11,Female,46
1065,Manish Bansal,Indore,Tier 2,2024-09-17,Female,25
1066,Pari Nair,Lucknow,Tier 2,2025-07-12,Male,41
1067,Priya Sharma,Patna,Tier 3,2026-01-02,Male,21
1068,Priya Yadav,Pune,Tier 1,2024-09-16,Male,52
1069,Aarav Chauhan,Pune,Tier 1,2026-05-28,Female,37
1070,Aadhya Patel,Bengaluru,Tier 1,2026-04-22,Female,38
1071,Sai Kapoor,Indore,Tier 2,2026-03-19,Female,44
1072,Reyansh Patel,Lucknow,Tier 2,2026-01-04,Female,50
1073,Nisha Mishra,Bengaluru,Tier 1,2024-12-26,Female,19
1074,Isha Singh,Delhi,Tier 1,2025-10-18,Male,43
1075,Swati Gupta,Kolkata,Tier 1,2025-10-05,Male,28
1076,Ishaan Das,Pune,Tier 1,2025-06-12,Female,38
1077,Anika Patel,Bhopal,Tier 2,2025-05-04,Female,36
1078,Diya Chauhan,Kolkata,Tier 1,2024-03-27,Female,54
1079,Nisha Das,Pune,Tier 1,2024-01-22,Male,23
1080,Ananya Verma,Bhopal,Tier 2,2024-07-22,Female,45
1081,Ramesh Patel,Guwahati,Tier 3,2024-09-23,Male,18
1082,Manish Kumar,Ghaziabad,Tier 3,2025-03-21,Male,31
1083,Manish Chauhan,Kolkata,Tier 1,2026-04-12,Male,45
1084,Riya Reddy,Kolkata,Tier 1,2025-09-06,Female,29
1085,Riya Nair,Indore,Tier 2,2026-03-22,Male,46
1086,Sneha Gupta,Pune,Tier 1,2025-01-13,Male,48
1087,Aadhya Chauhan,Ahmedabad,Tier 2,2024-11-27,Female,34
1088,Vihaan Mishra,Bengaluru,Tier 1,2024-04-07,Male,48
1089,Tanvi Verma,Kanpur,Tier 2,2025-09-12,Male,34
1090,Neha Yadav,Ghaziabad,Tier 3,2025-09-26,Male,53
1091,Ananya Agarwal,Delhi,Tier 1,2025-08-17,Female,39
1092,Suraj Joshi,Bhopal,Tier 2,2024-05-15,Male,34
1093,Manish Nair,Hyderabad,Tier 1,2024-11-16,Female,45
1094,Anika Agarwal,Surat,Tier 2,2024-09-26,Female,45
1095,Rohan Bansal,Chennai,Tier 1,2024-11-19,Female,21
1096,Diya Verma,Kolkata,Tier 1,2024-06-01,Female,34
1097,Krishna Kapoor,Chennai,Tier 1,2025-12-23,Male,46
1098,Sneha Kapoor,Kanpur,Tier 2,2025-12-27,Male,27
1099,Riya Patel,Hyderabad,Tier 1,2024-12-23,Male,50
1100,Aadhya Chatterjee,Jaipur,Tier 2,2025-07-30,Male,51
1101,Arjun Iyer,Coimbatore,Tier 2,2024-07-03,Female,24
1102,Krishna Chauhan,Lucknow,Tier 2,2024-01-27,Female,55
1103,Vivaan Gupta,Hyderabad,Tier 1,2026-05-07,Female,48
1104,Aarav Mishra,Bhopal,Tier 2,2025-10-05,Male,46
1105,Swati Singh,Lucknow,Tier 2,2026-01-19,Male,21
1106,Arjun Bansal,Surat,Tier 2,2024-11-26,Female,23
1107,Neha Gupta,Nagpur,Tier 2,2024-09-18,Male,31
1108,Rohan Kumar,Chennai,Tier 1,2025-02-01,Female,49
1109,Tanvi Singh,Indore,Tier 2,2026-01-23,Female,24
1110,Isha Chauhan,Kanpur,Tier 2,2025-06-08,Female,35
1111,Kavya Yadav,Coimbatore,Tier 2,2025-09-06,Male,45
1112,Amit Malhotra,Indore,Tier 2,2024-04-05,Male,27
1113,Suraj Gupta,Patna,Tier 3,2025-06-23,Female,47
1114,Rohan Singh,Indore,Tier 2,2024-03-22,Female,33
1115,Vihaan Bansal,Ghaziabad,Tier 3,2025-03-13,Male,20
1116,Pooja Kumar,Ghaziabad,Tier 3,2024-04-20,Female,54
1117,Sai Agarwal,Jaipur,Tier 2,2024-12-29,Male,25
1118,Neha Verma,Bhopal,Tier 2,2024-07-02,Male,44
1119,Sneha Malhotra,Surat,Tier 2,2024-11-17,Female,39
1120,Tanvi Nair,Chennai,Tier 1,2024-08-04,Male,45
1121,Krishna Sharma,Vadodara,Tier 2,2024-01-19,Male,48
1122,Tanvi Kapoor,Bhopal,Tier 2,2025-12-09,Female,41
1123,Ishaan Singh,Nagpur,Tier 2,2026-04-03,Male,30
1124,Saanvi Sharma,Hyderabad,Tier 1,2026-04-15,Male,48
1125,Ankit Reddy,Ahmedabad,Tier 2,2025-10-27,Male,37
1126,Vivaan Kumar,Bhopal,Tier 2,2024-05-31,Male,27
1127,Isha Chatterjee,Bhopal,Tier 2,2025-05-11,Male,30
1128,Amit Sharma,Surat,Tier 2,2025-08-06,Male,45
1129,Meera Das,Indore,Tier 2,2026-05-18,Female,20
1130,Meera Das,Patna,Tier 3,2025-02-13,Female,32
1131,Swati Mishra,Delhi,Tier 1,2025-06-24,Male,35
1132,Yash Yadav,Indore,Tier 2,2025-04-29,Female,45
1133,Saanvi Kapoor,Mumbai,Tier 1,2024-06-14,Female,46
1134,Amit Das,Pune,Tier 1,2025-06-03,Female,26
1135,Pooja Yadav,Surat,Tier 2,2026-01-10,Female,28
1136,Sai Kapoor,Guwahati,Tier 3,2024-07-31,Male,29
1137,Reyansh Joshi,Kolkata,Tier 1,2024-06-09,Female,37
1138,Vivaan Yadav,Pune,Tier 1,2024-08-02,Female,40
1139,Arjun Mishra,Chennai,Tier 1,2024-06-27,Female,25
1140,Myra Kapoor,Guwahati,Tier 3,2024-08-20,Female,39
1141,Nisha Nair,Kanpur,Tier 2,2026-02-26,Male,50
1142,Vihaan Malhotra,Guwahati,Tier 3,2025-11-16,Female,25
1143,Reyansh Bansal,Hyderabad,Tier 1,2026-03-11,Male,50
1144,Aadhya Yadav,Hyderabad,Tier 1,2024-06-20,Male,36
1145,Reyansh Singh,Bhopal,Tier 2,2026-02-19,Female,39
1146,Pooja Sharma,Ahmedabad,Tier 2,2024-05-05,Male,48
1147,Sai Nair,Lucknow,Tier 2,2024-10-20,Female,44
1148,Rohan Agarwal,Kanpur,Tier 2,2025-10-06,Female,32
1149,Pooja Malhotra,Ahmedabad,Tier 2,2026-04-01,Female,19
1150,Suraj Gupta,Bhopal,Tier 2,2024-05-29,Male,39
1151,Vihaan Chauhan,Lucknow,Tier 2,2025-02-15,Male,27
1152,Suraj Rao,Coimbatore,Tier 2,2024-02-29,Female,43
1153,Rahul Yadav,Vadodara,Tier 2,2024-11-07,Male,35
1154,Neha Malhotra,Ghaziabad,Tier 3,2025-09-17,Male,52
1155,Isha Yadav,Guwahati,Tier 3,2026-03-18,Female,30
1156,Amit Chauhan,Surat,Tier 2,2024-03-27,Male,51
1157,Deepak Bansal,Vadodara,Tier 2,2024-10-17,Female,51
1158,Vivaan Sharma,Lucknow,Tier 2,2026-02-14,Female,33
1159,Krishna Verma,Surat,Tier 2,2026-01-13,Female,34
1160,Krishna Malhotra,Ghaziabad,Tier 3,2024-12-28,Female,54
1161,Meera Chatterjee,Mumbai,Tier 1,2025-04-09,Male,40
1162,Swati Singh,Surat,Tier 2,2024-10-18,Female,51
1163,Meera Reddy,Pune,Tier 1,2024-04-17,Female,47
1164,Pooja Gupta,Hyderabad,Tier 1,2024-05-30,Male,21
1165,Isha Gupta,Indore,Tier 2,2024-05-13,Female,51
1166,Neha Nair,Nagpur,Tier 2,2025-08-25,Female,45
1167,Pooja Patel,Bhopal,Tier 2,2025-12-06,Male,50
1168,Ishaan Agarwal,Ahmedabad,Tier 2,2025-05-11,Male,31
1169,Ananya Bansal,Bhopal,Tier 2,2025-04-29,Female,25
1170,Krishna Yadav,Guwahati,Tier 3,2026-05-22,Female,20
1171,Priya Yadav,Ghaziabad,Tier 3,2024-06-05,Female,36
1172,Meera Joshi,Patna,Tier 3,2024-01-29,Male,37
1173,Manish Sharma,Surat,Tier 2,2024-08-08,Male,53
1174,Karan Chatterjee,Kanpur,Tier 2,2024-03-10,Female,54
1175,Tanvi Singh,Bhopal,Tier 2,2024-12-11,Male,50
1176,Isha Singh,Bhopal,Tier 2,2026-02-18,Female,23
1177,Vikas Iyer,Guwahati,Tier 3,2025-11-11,Female,39
1178,Isha Nair,Vadodara,Tier 2,2024-02-16,Male,28
1179,Priya Bansal,Mumbai,Tier 1,2025-08-08,Male,53
1180,Swati Verma,Bengaluru,Tier 1,2024-07-16,Male,48
1181,Ankit Patel,Ghaziabad,Tier 3,2024-01-20,Male,35
1182,Meera Malhotra,Kolkata,Tier 1,2024-09-08,Male,52
1183,Aditya Kapoor,Guwahati,Tier 3,2024-11-24,Male,39
1184,Suraj Mishra,Indore,Tier 2,2024-07-03,Female,34
1185,Ananya Rao,Bengaluru,Tier 1,2024-04-27,Male,29
1186,Priya Joshi,Jaipur,Tier 2,2026-02-25,Male,21
1187,Vihaan Rao,Guwahati,Tier 3,2024-11-29,Female,24
1188,Rahul Nair,Lucknow,Tier 2,2024-05-25,Female,25
1189,Tanvi Chatterjee,Delhi,Tier 1,2024-07-26,Male,49
1190,Krishna Nair,Ghaziabad,Tier 3,2026-02-09,Male,38
1191,Karan Sharma,Bhopal,Tier 2,2025-07-20,Female,32
1192,Reyansh Iyer,Mumbai,Tier 1,2024-10-02,Male,37
1193,Deepak Reddy,Coimbatore,Tier 2,2025-02-20,Male,41
1194,Kavya Bansal,Vadodara,Tier 2,2024-06-21,Female,20
1195,Yash Rao,Mumbai,Tier 1,2026-04-12,Male,18
1196,Anika Chauhan,Delhi,Tier 1,2025-05-08,Female,31
1197,Aditya Patel,Coimbatore,Tier 2,2026-05-10,Male,37
1198,Ishaan Bansal,Bengaluru,Tier 1,2025-02-08,Female,45
1199,Rahul Mishra,Kolkata,Tier 1,2025-09-17,Female,46
1200,Amit Reddy,Jaipur,Tier 2,2024-09-08,Female,39
